trial,a_hex,b,m,alpha,e
0,880300000e0800001709000085050000eb010000f2020000c7010000ac07000013070000560100009f0b00002f03000065030000530a00000f080000b4040000,74,0,6,2
1,69010000b90100007d050000df020000d80900002e0c000075050000ef0700008a0400009c0b0000a7040000650a0000cf0700005e08000010050000ba070000,1835,1,2,0
2,3b0100009f020000b50a0000420900007c0b00005e05000039060000040c00001d010000e4040000f0010000ca0b000031080000dd040000e7080000790a0000,2149,0,6,0
3,fa0a0000470000007102000045040000520c0000b10900008f060000ed000000970a0000750a0000f7040000ed0b000040090000830200004f0b000016020000,399,1,5,0
4,5d020000250b0000150500009c0a00004208000035050000ac06000034010000a40800004b06000015010000c2010000e8020000510300007f0000006f000000,2122,1,4,0
5,f9050000af080000350b0000a5020000fa08000063080000820a000050070000e60200006b0a0000d1010000a4040000da090000a004000080090000e1050000,0,0,7,0
6,920c00002e0000002c020000ea0b00002a0400002e080000c406000058010000010b00004f0200009d020000d60a0000b5030000ef040000640c0000cb0a0000,51,1,7,1
7,19030000030b0000ab050000550300005e010000bc070000e70b0000110500007c020000840c000012010000690c000003010000110100008905000032030000,2170,0,6,0
8,6b0a00001b0c0000dc0000005b0300005c00000042050000cd070000370900000d040000620b00005c0800002004000029040000ed050000cd050000ef030000,3137,0,0,0
9,fc07000064080000e00200001e090000e6010000e80a0000c50500000b0500004d0300006b0b0000c0000000ee03000012040000ba0c00007b000000e60c0000,1308,1,3,1
10,560500005e0600007b070000ae0100001d0400005d0100006c0800007b050000240900005a0000004a04000044050000650b0000c90100005c02000016010000,2306,1,5,0
11,700100003a000000490600009a0a00003b0000009b060000cc080000b209000045040000980c0000e4020000ae020000150900005d060000d00c000009090000,1880,0,1,2
12,f6080000c50500006e060000aa020000020200003a0600005a040000c8040000650100009d090000af040000c6000000da0a0000c7090000f1040000840c0000,2866,1,5,1
13,54010000ac010000e2070000800b0000130a00008c090000d8030000b80700007f00000086060000280500005e020000aa0200005b0c00002c08000011050000,2474,0,0,2
14,8e0200000906000011000000e9070000ee0200003c000000a5060000b8060000b9070000950300005b0500005a08000080060000ea0a0000c1010000b40b0000,944,0,2,0
15,3c030000dc030000bb090000b8010000ec0a0000690c0000a30500005f05000032050000d9030000b5060000740b0000ce040000dd080000df00000031040000,1663,0,6,1
16,93020000c0000000de0b00007d0b0000460b00005b03000005030000360a0000780a0000c2070000ab09000063080000450b000054040000bc0900003d000000,1172,0,7,1
17,2b0b00007d000000d40b00006f0c0000bd0700003600000044040000500b0000a8080000410a0000c6060000860200009c060000cb0c00000a0b0000910a0000,2635,0,0,1
18,5a060000f001000056030000b8070000390300003d000000450300003b0c00005b080000240a00006104000064070000450200009a060000380700006e070000,820,0,5,-1
19,3a0800001306000082060000110900005a020000c0050000610a000052030000c507000067060000c60b0000110300000e090000e00700003e090000ea090000,2431,0,6,0
20,cc0c0000c201000079050000b00200000f030000fd08000023040000600800009e04000059080000b80c0000af070000f4090000b401000047090000d9050000,319,0,2,1
21,e2080000c7010000a0020000e80b0000aa0300009901000056040000c00b00005200000057070000ee080000dc000000b30100001803000062080000ea010000,2740,1,7,-1
22,0d050000aa000000ff040000170700007f04000089000000be0400009e0b0000840b000054040000ed080000cb070000a90b0000210800006d040000f4090000,1057,0,0,2
23,ec0800003b01000031030000350400006d0c0000d9030000b00b0000930700000d0a0000eb060000d60a0000e8000000140500007c040000fb0500008e090000,1044,0,0,-1
24,a7000000e4000000aa020000b3090000c505000093030000b80300005e07000083080000e207000023020000a10400006e090000b40900001f03000052080000,2054,0,1,1
25,21090000f30b000059020000c40b000092050000a50a000032010000fd000000be040000a4070000c40600000107000070060000750100000801000001050000,949,0,6,0
26,f70000002c040000f20800008f050000f7010000330000006a000000590a0000c1050000800700002d0600004807000015090000c0040000090b0000b8020000,2097,1,6,0
27,220b000050040000510700002d0b000086060000c40b0000a20c000048060000490800002506000028050000f901000032010000790c0000100b000004000000,865,1,6,-1
28,5a040000dd0500002b040000eb00000036050000280b00008c0a0000b8090000f5070000e009000090040000950000004e000000590b000027030000d8060000,1963,0,7,-1
29,cc050000e8070000b40300003f0b0000f40c0000e70600002f090000c4090000660000009e0a000032070000470500003c0600000601000039020000ff000000,1982,1,3,-1
30,d9030000f40a00002205000025000000240b00009f010000d600000028060000ee0900001e00000059020000730a000095010000a70500005903000003070000,172,0,5,-2
31,4107000096060000ff030000a7000000f9030000510900009a000000f10200004d010000680b000074090000d5000000000c00007b03000063080000660c0000,3321,1,3,0
32,57020000d70800000006000038090000d009000044090000d001000060050000270a0000020b0000750a00003a0900001f0b000084000000d205000042050000,1522,0,2,0
33,13000000140200001b0b0000b2090000ca060000de08000094010000b701000002070000530500006601000077040000080b0000f80b0000a801000051040000,3218,1,1,0
34,ab0c0000870a00007f0b000093050000640c0000fd0c0000700b00001403000034070000140b0000fc07000040030000660a0000ec060000a00900000d040000,210,1,5,0
35,30010000d20a0000bf070000fa040000bf0b0000c40a00005308000005020000b90c000027020000dd050000b0020000ce060000e60b00002102000017090000,1100,0,3,-1
36,b9080000230700003f0600008e060000ea0b00008b040000c80800000a070000de0200001c0b0000f9040000dc030000fb0b000047050000900000009b030000,37,0,3,0
37,a70c0000f2060000540600007b020000be000000ab050000bf0200001903000011080000040700007e040000e6030000850c00009f090000300a0000bc0a0000,1911,0,4,-1
38,b30b00003b0700008c0a000017080000320800000703000012010000100a0000ad080000b50b0000590700009f020000a00800004d0b0000d60b00009f010000,1639,1,7,0
39,2a000000ca0900007508000092080000c5010000100300003f060000470600008b090000c3090000260700002b080000ac070000ab05000030020000c6000000,1130,1,3,0
40,24080000720b00004a0c0000fd0a0000d9020000090700005203000008070000fb0c0000bf00000060050000ac080000140c0000bc0a0000a9090000000a0000,1264,0,6,-1
41,17040000510500007e080000c80a00001a0300009d070000b9000000d3090000250b00004708000031090000500a000059000000f80500008a00000057040000,2049,0,3,1
42,6a0600009c04000029000000320900007a000000f9090000eb0200005a080000750300001b0c0000fa0800001e030000ef060000e80b00007d04000057010000,1255,1,7,2
43,26040000f70c0000b60400003c080000470b0000b3090000570800001c020000e2040000a6090000b3020000fc06000026030000cb05000030030000140a0000,602,1,4,-1
44,65080000cb080000a00900006f0b0000c7080000e5010000380a0000e908000080070000ec0b0000630b000008040000cc0c0000c60b000099000000dc070000,2796,0,0,1
45,37000000f3060000a60000006d0c0000eb080000aa03000091050000c0060000dd050000fa0a0000f40a00004e060000eb0a0000df0700008c0200001e000000,2530,1,2,0
46,2a090000a403000043070000e307000041020000c800000099030000cf080000040400008b0400001c050000f60000008d0500001a060000080a0000cf0c0000,22,0,3,-2
47,cf0c0000e2030000ef0c0000310800002a080000880b0000ba0900008d0c000087000000be0a0000af0b00001f0a000035060000280b0000200600008e020000,2439,1,3,-1
48,4d0a0000fa0700001c0000007c040000ff0a00001402000096030000e10b00003d0b00004904000003070000400c00005e010000c0010000ea070000fd030000,1751,0,1,0
49,e10c00003e090000c70c0000cd080000a00900001b0b0000b90600007c030000be0c0000920a000097040000f2060000d500000002050000a6030000ce030000,557,1,4,0
50,4b0c0000020a0000310700006b0700002f040000af0c0000b30b0000560b0000c60600006904000073010000710b0000690200009e030000b2030000a2000000,2578,0,1,0
51,90090000eb0600009b06000077050000c00100000d030000300c0000340900009e08000050000000f60700001d0700009b0b0000a2020000810a0000c8050000,814,0,7,-1
52,1b0500000f040000720a00006c0900004f09000090000000170700004401000039040000580300004a0c000031090000d0050000ac040000ea0400000f020000,198,1,6,0
53,d8090000390400008108000020080000500500004c0b0000db070000d001000028050000bc010000c00900004e05000079080000d0080000cf040000c7070000,717,1,0,1
54,e1070000270b0000720200007c0a0000490100007e0500001f010000ce0c0000f70a0000cc04000085090000e80b0000f2050000350800006908000099050000,1951,0,6,0
55,8c0c0000a60b00006d040000cf0c0000ca000000e90900000d090000c20b0000680100005f05000066000000d30a0000c50a0000dd0a00009e0a000090060000,469,0,4,1
56,a60c00009a0c0000ae0b0000c2030000e60b0000590c000096090000d409000046010000810a00007c0000009b000000ed0800006d02000062030000ed010000,2452,1,7,0
57,9c07000011040000f2060000c90b00001105000051020000fd080000c70400005e0a0000e70b0000500400005f0b0000330700004c01000062020000c2050000,810,0,6,-2
58,d70c000012000000df08000071050000b9090000730400002106000029030000f10a0000d6050000520600000c0b00005d0b0000a6080000ab0b000095060000,1823,1,6,-1
59,08050000aa0900005a0c0000b2040000630c0000460600005907000017050000390700005f060000fa050000370800006e080000b00a00004706000098080000,3112,0,6,1
60,f20a0000be0400007c0500000b0c000084020000080100001708000067020000f4060000670000002802000030050000f70200001a090000d107000086070000,1840,0,5,1
61,ad060000ba030000780500007a0300002d0a000042080000b5070000b7070000800200005d070000af0100003509000094060000530600004b050000c00a0000,1586,1,7,0
62,db0300001f000000040b000003010000aa0b000000060000d9090000490100002b0700002b060000f208000067070000330b00004005000042020000ad0a0000,215,1,7,0
63,8b0900007f0300003f05000025010000370a0000b90400003f0100000f04000063040000f80000008c0a00001e0200006d0a000069010000d805000082090000,3320,1,3,0
64,300400002a0300006e05000026050000530b00005e00000069050000da080000d60c00003600000059080000280b0000150a0000450b00001b070000e5050000,2269,0,4,1
65,35030000ac0c0000ef04000011070000760c00008e0c00002f0100007c040000b90600009f0a00006f090000ce0a000094050000e10b0000d1050000eb0c0000,2111,1,3,0
66,20070000f00a000043000000ed090000a10300004b030000b8070000a001000062030000b10500005d030000cf0b00002801000009080000f40400009f030000,379,0,1,-1
67,87070000b70c000019000000e40200004e050000dc0c0000f7020000950500004408000096000000250000009f010000b300000051090000e50000008e0a0000,2089,0,7,-1
68,89040000460000000b030000020a0000c40700005a0c0000da0b0000830100007a080000e5090000fa000000ee060000d80a000011040000120200000d0b0000,1468,1,0,-2
69,7b080000300800003d0500004206000082050000680700002c0800001e030000fe050000d40c000060010000b20700009c090000400b0000f604000036010000,2194,1,3,0
70,16030000a40b0000f30b00000e020000940c00003204000087030000c50100003202000075060000640a00007500000061020000d20200004c040000430a0000,1416,1,3,1
71,7707000038020000b20300008707000083020000b402000033040000450100008805000023050000e70b00004902000097070000160a0000b00500007e0c0000,2917,0,7,-2
72,4505000070060000d7010000fd0a000082000000430a00004a0a000038050000a3090000850a00009e0700009807000072060000ec0b0000a8070000850c0000,2275,0,0,-2
73,0f070000420b0000d00100005907000057080000d00700006e0b00002209000021050000990a000013060000b9010000800b00009a080000af0a0000d60a0000,2179,1,2,-1
74,900a0000630500005c010000c10c0000220c0000490500000e040000c30900007a070000e10b000033030000920000007c000000830000002b0a0000a8030000,2892,0,1,0
75,1b020000940200005c0300001b0700000f0a000018080000d50a00007d0a0000ab080000ee070000360200003e020000170b000089080000810800006d020000,1966,0,0,0
76,e2090000330a00007c0300001e00000012070000af030000ea07000093070000320b000092050000720600006808000066000000fd0900001e05000057000000,1447,0,0,-1
77,e60300004706000061090000a9020000b908000032070000de08000047090000b5010000f7060000750600002f0300004f07000022010000da02000036060000,474,0,3,0
78,590b0000c2060000ad090000570400006e000000df060000020100003f010000a60600005a010000450200006e080000c705000033050000730400001d010000,1954,1,7,-1
79,da000000960b0000110b00005d0300004b020000dc04000012060000a5050000c6050000a4070000080b00004501000090050000c90b0000990a000012030000,627,0,3,-1
80,e7060000f1010000f0020000d5000000d1020000660a0000550200008805000016040000280a00003c040000bb0a0000dc03000045090000820b000085060000,3232,1,2,0
81,430200000b0600006e0400004409000099070000180900001d090000c9060000ac0000001e00000045070000c2060000810700005e0300004703000037080000,3271,1,0,0
82,910400004b0600008b0700004d050000b70c00009b010000410c00006e0b0000f80300001402000080060000a7050000160b00000a0b0000cd000000f2000000,2730,0,3,0
83,380a0000d70b0000d10300000d0c000022070000f50100003b030000b40400007105000007000000310800001b0700008d0c00006c050000ca0b000059030000,1596,0,4,0
84,f30300009a0200004c0300004a040000cc09000040040000f8040000b40200005e0b0000090a0000630b0000e70b0000c3080000620200009f080000960c0000,1042,0,1,-2
85,d2030000ec020000df010000fd0500005d000000180200000005000063070000bb0a00004a090000b5060000d80000005d070000cc070000d50a0000e0000000,1598,1,1,0
86,a20c00003d0900006f0600003c0300003a06000026070000230300004e0a00008508000022030000840c000065020000ff0b0000fb060000b104000083090000,2084,0,6,3
87,cd0900006f0a0000fc0b0000310c0000cf080000780c00007402000056070000a6020000eb0700008d080000a90600001105000082080000c704000064020000,1278,0,1,-1
88,9d0a00002e0a00004e0b000026000000020200006701000012030000c70a0000b5030000610200003c060000a8050000f10400000a050000af080000eb080000,3303,0,7,-1
89,a80b0000a40400001102000050080000ce0c00001d040000320300002409000082060000730700001e0c00005c000000ae050000d10900004e000000930a0000,298,1,5,0
90,cb0a000003000000300c000035020000d705000077060000950700006d030000870400003609000023030000380b0000a6070000b2030000f904000029010000,941,0,3,0
91,430c0000ad090000fe0800000a0c0000bd0000008903000063030000f8060000ca030000e50200000e080000060200001a0b00000d0000002c060000e1050000,1414,1,3,0
92,29070000d4060000eb0400005105000058020000da070000340800003802000094010000930b00002000000095070000fc0c0000de020000840a000083050000,1534,1,5,2
93,95060000320800005a030000a1070000b1070000d303000039080000c60500005d0b0000460300000a0c0000b5060000a0040000f40000008d0b0000cd0c0000,768,0,4,0
94,ab030000b10b00001a01000031040000b6080000a8030000170a0000bd0c000032040000d80b000019000000f70100004d080000d10800006d0500000a020000,420,1,1,0
95,67030000630a000045060000250c000047060000730a000000000000ff000000760500007a0000007b010000620800004a0200006e0c000054090000f90c0000,298,0,4,-1
96,c8080000f70900001405000097080000160c0000a30000004e0000003e0c0000520a00003d0000007c04000047030000a200000017060000ef030000f9040000,2209,0,4,1
97,87090000e30b00007b080000a5050000b50c0000430c00005e0b00006b0b000016050000bc0300003c090000c30b0000db010000410900003005000038060000,1196,1,0,1
98,6c070000c007000045080000c00600003d090000b20700000c040000120b0000170b0000d7010000aa0100009e060000530c0000a00800009904000090010000,169,0,6,0
99,1c0b0000b1040000400c0000eb000000b50500008a090000b1070000280b0000b3030000f20c00001b0200000c0600000f0b0000c803000093060000d1090000,1074,1,7,0
100,8e0100006b0900006d0600003a080000550b0000d60a0000580900001607000047090000e9090000fe050000430b0000a4030000fd020000a30c0000350b0000,1654,1,5,-1
101,5a0a0000260c0000a9040000cb040000df0000006a050000e80c00000e030000b9050000a100000066030000a00b0000e00000006e0900008d0b0000f8000000,647,1,4,1
102,530500001b040000b404000014030000f20b0000c40800009d000000b905000044030000a8090000470a0000030c000033070000c7070000c1080000a80b0000,3099,0,6,0
103,e80b00005b0200007b020000aa0400008a0b000001000000ba0c0000e00c000098090000e1080000610400008f0b0000080300006e0200005107000014070000,228,1,4,0
104,4c0800004b020000940b000081080000140200008402000068030000b60500009b06000037040000810100005f000000cf010000870a0000230000009f080000,1011,0,6,0
105,8208000083000000d40c00009a07000030010000290c00008304000076040000670900002f0a00005404000039030000b8060000a606000071080000d1060000,2296,0,0,-1
106,750c0000090c000093040000ed0c00003b020000ca080000d00b0000a80c0000980a0000770c0000d6010000e902000048000000830700004907000032080000,2711,1,1,2
107,6d08000005020000e10a0000890a000058060000f00900003e060000990400002e0500009a08000016040000e9050000ec010000590700007005000045010000,2541,1,0,-1
108,2f060000a10a000082040000460a0000140b00005101000058030000d5090000d909000036050000b7070000eb0400003109000005050000f30000007f030000,1714,0,3,-2
109,af060000cb0900008a06000028050000e70b00001a030000020400005e0700006400000008050000ae010000330600007a020000de020000c50000004a0b0000,927,1,6,-1
110,ea0600002b040000140c0000520b0000c6050000ec0100003c0b00004a0200002c010000400400003f090000190200003a090000830a00006000000068070000,1954,0,4,-1
111,000900005f0b00008b0300006d020000f9030000a50900000d01000010060000950500000b040000270000009a050000a002000084020000880600003a040000,3106,1,4,-1
112,80080000fd00000005060000070b0000ad0a000036020000e608000094020000630b00006c0200004e0900008d090000b302000077000000c7020000c6010000,138,0,2,-2
113,cc0b00009a030000340500009a04000030020000a004000017010000f70400009e020000430100000408000042080000a4040000eb070000cf020000d3070000,3293,0,2,0
114,b0010000f3040000490c0000be02000004040000bb080000a9040000e1000000ee010000550300007d020000fb040000bd00000034000000a006000085010000,661,1,1,0
115,af0300004b08000090050000980c000065030000130c000014010000b20b0000c20c0000870400005f020000cf040000bc070000d40a0000de010000030b0000,3261,0,7,1
116,d7080000bf020000b0060000a9040000680b000072090000690300005d0500009a0b0000450200005309000063020000cd050000d504000007000000cf030000,2203,1,7,-3
117,81010000460200002907000054070000bd0500005d03000064020000200900000b060000250900007501000013010000eb090000da00000080040000ac030000,2458,1,1,0
118,ca0100000d0c0000e207000057040000a60b0000e70b0000f50800000a080000160500002c050000d109000032020000d1030000ae000000030000005b040000,1094,0,3,0
119,e90600002b0400003f030000d8000000b20300000c09000074050000100a0000f80500008a0b0000a505000090000000b20900000307000055080000dd030000,1015,1,5,0
120,f10300009c0300001a020000250500006b050000cd070000a302000008030000070b0000f30800007d03000054040000560000002a0a0000a80500000c090000,192,0,1,0
121,240c0000870700002e0b0000b80700004d0700009204000036040000590c0000f00000006a0b00009e0900008a0700004a030000dd0500001b02000073050000,1666,0,3,0
122,5b0100007d0000003f030000d8060000500600008a060000d20300007a0400009b09000081080000cd0b00002b0b00000906000069000000c00c000078010000,325,0,7,-1
123,4008000025050000aa05000071090000ed090000300900009c010000de03000016050000b0090000d2000000ef0300001b040000f00500006d060000eb050000,298,1,6,-1
124,ac0b0000c10b0000a406000035010000cd060000e9040000f2090000dd0a0000f2060000a20c000093060000e20700006402000041000000140c0000fb090000,2069,0,2,1
125,51090000250a0000cb0a00002a0900008b0a0000c00b0000fa030000cd000000a204000098040000790c0000e70500001a0b0000b50c0000e40c0000e7090000,1441,1,0,-1
126,5d04000073010000df0a000072090000b3000000e4050000d0080000e4000000960a00008a0700009a05000017010000ff0300000c040000f8040000260c0000,2635,1,0,1
127,460a00008202000095090000bb0c00006009000093040000070b0000a309000037090000ea030000c00000004c03000010050000af0b000086050000d2020000,2951,1,6,1
128,150a0000e70300005d0200002f030000e7090000aa060000fd060000c6010000980a00009c0a0000b801000012010000440c000082010000a30a0000ed010000,2768,1,1,1
129,790c0000e502000090030000ed0a0000fa0000004b0000001b0b00003e0a0000560c0000780600006b070000c7000000ad000000910a0000c00200009a040000,360,0,1,1
130,71040000090300000e030000e5060000950000002b090000ee0900007a010000970700009c0600002a060000a40100003d0300008a0200002106000035080000,3110,0,6,0
131,0b0a0000c309000060010000d6030000700100006501000053070000d4070000fa030000480a0000af0b0000f70300001d03000031040000b40600004b050000,1756,0,5,2
132,6f020000cb090000d80b0000880a00007e0b00008e050000fb0a0000630b0000480000008d060000930700002506000088040000c7060000f607000012060000,289,0,4,2
133,9403000049050000db0600001b0a0000fd06000019090000b50a00002e0300006b04000060050000b10400003e060000220b0000e0000000850300003e010000,0,0,0,-1
134,1e090000a50300008809000078090000750800000a0600007f0700004c0a0000a7060000a00b0000f7030000de0100001700000010070000660b0000180b0000,1583,1,0,0
135,820500008e0c0000ee010000b1060000d6030000aa0b000097060000ed0400003107000023000000cc0700008e0500001200000069030000b00b00004e010000,2786,0,7,0
136,0204000092070000db050000e6000000c00c0000df0b0000430c000010000000500b0000fb0a0000440a00002c050000bc0b00007c0000007d06000055010000,1463,1,3,0
137,380500000b0c00000f030000dc0b000056000000480b00006f0000002f080000b7010000560700008e04000092080000730800006d0b0000cc0c0000e2020000,2829,0,2,-1
138,e70200007e0800007d0b0000980100001f040000640c0000bc0c0000800500008e010000830a00004c0100003a0b000021010000580c00001902000003080000,1755,1,2,0
139,960200004e0a00004b040000e8010000b602000069060000d0070000890800009b030000dc0c000018070000bf09000083050000600800007702000034070000,3062,1,3,0
140,f6080000fb010000690200004101000016000000d8050000e2020000ab080000ec050000ba090000490c00009c010000bb020000de0500004b0a0000f2040000,3005,1,7,0
141,2d0c00002e0b0000c10900005d030000fa060000630100007c06000025000000ea030000fe0200004b0c00002e090000cd050000e90c00000a0c000056060000,2963,0,6,1
142,75050000940c0000ad0200009104000058040000210800009d0c000068020000e90b00003d0100000d060000a90700002201000071080000bc0a0000fe000000,214,1,5,1
143,590900004a0b0000a7000000b50b0000b80c0000b907000087060000a60600004b09000011050000260300003f0300007a0b00007d0c0000d0080000810a0000,2570,1,1,0
144,78070000cd020000d90500001105000056030000b8000000e30c0000a101000099090000b50500008308000076020000ec0900000f000000e8030000760a0000,318,1,3,0
145,1f060000ea000000990300004b04000080000000e90b00008207000057010000cc0a00009d010000fd0200004204000030080000f80a0000f50800004f020000,3156,1,1,0
146,86010000c405000045010000c507000087000000a8090000ec0700005e0900003d070000350b0000d60200001c0800001e030000a300000094050000e6030000,2395,1,2,2
147,0203000056090000e2080000ee060000b80600000f07000063020000ae0200004308000061050000eb020000390200005b000000330000001c0c00001f060000,1086,0,7,2
148,8504000082080000c8020000f00200004f040000d5040000500a0000710600005603000052020000ec0100006f06000051060000c5060000270400008e090000,1790,0,4,0
149,1f0b000048060000cd030000b80700002b050000a90900007f050000e4040000ef0700007a040000fa0c0000840b0000fc0900007f0800008f0b0000ce030000,3026,1,2,-1
150,bb0800006b020000d6030000fe06000083080000a00800003c0c00009c090000e6030000e70500000306000061000000840900003a090000ef090000350c0000,3055,1,4,-1
151,b6010000130400006d050000a20b00009f050000910a000027030000450100006a000000170b00003e0700008d080000a80b00009a0b0000de0a00004e040000,1756,0,5,0
152,aa0300007b0600006e020000170200002c00000026010000d5010000c7000000c8070000fe0000007c030000640c0000ae0900003d0800003306000075080000,2212,1,1,-3
153,3e02000070050000220500006a030000920900005c05000033000000bd05000004090000f3090000db09000019040000bc0600007a0c0000230300006d050000,2464,0,4,0
154,9e0a0000e6070000d0050000dc030000000400002b090000a60a0000cb090000b6040000390c00002d0500003e090000340700004f050000ff08000098070000,1600,0,7,1
155,65080000ea000000b50600007409000021070000c80b00006a030000f30b0000080a0000b7070000ce0400002b010000e80a00006c080000b104000003050000,1672,0,3,0
156,ab0c00006106000096060000830500003c00000085070000d1020000b5020000d30c0000d90200000b0900009d060000850c0000da010000180700005c070000,1406,1,1,-1
157,fb06000016060000a0060000fe0a00005709000029030000170400001f0b00002800000047020000ad0200005205000047040000ac000000050c00003f0a0000,198,1,6,0
158,cc000000d9010000010800004c0b0000ae010000a60c00002f020000e2020000d80b00009407000041020000280900002b0100007a0c0000dc070000cb050000,2314,1,0,0
159,8d060000860100007305000090080000f80800002a0b00002400000088060000d1000000320000002c010000020300002a020000c20b0000ef010000bc0b0000,1211,1,7,-2
160,8a090000c809000035000000a90b00009e0b00009b080000ed0400005d0900006d010000dc0500000d000000b10200009d07000088030000a208000014040000,2630,0,3,0
161,520600002d060000240c0000e5000000f602000038030000d709000019030000b7040000b8030000f909000069050000af0b0000390600006a0700004e080000,1425,0,1,-1
162,2a08000095030000440800008c0400004b0000000b060000fc09000006020000e9020000bd0b000075030000170b0000d50c00005404000098010000a90b0000,923,1,3,1
163,fa0c0000ec0c0000a7050000120c000079080000170100007e0a0000ca0c0000da06000031000000d605000004020000dc0400008902000064050000ec0c0000,2942,0,2,-2
164,aa0a0000390300000301000047060000b602000074090000ee0a0000a1080000f4050000ad0b00001308000023030000c5030000cb090000e6000000f20b0000,357,1,3,1
165,e10c00007a0b000013050000300c0000840400009a0200008d0b000004000000d70500000506000060010000730200007e09000085050000b6040000cc0c0000,1339,1,1,-1
166,6f0500006c0c0000d50c0000d40a0000cf07000074080000500200004c0700009c0300006108000054000000b4050000410700004b04000072090000a5040000,3250,0,6,0
167,46030000fb08000017020000560a000098050000b2090000a80300004d040000780b0000e60b0000da05000057030000130500002e0700002604000078090000,1557,0,1,0
168,800700002c070000a30c0000b5090000e2020000c909000007080000ee010000ae0700001e050000030c00006b050000d704000092080000680900002d010000,2316,0,1,-1
169,2f0b0000da0600001909000018040000a5030000cd050000d2000000ce0b0000f705000096040000510b0000c20c0000de040000d0030000a20900006e0a0000,1155,0,1,-2
170,350a000034080000f7040000810c0000250c00002a0b00006b0a00005001000082050000f9050000b208000084060000640700006807000044020000580c0000,1485,0,2,-1
171,9f0c0000320a000067070000f40a0000fb0b0000aa040000d90200006f030000e00900002e090000a00100009e06000043010000fd010000df0c00008c0c0000,1751,1,2,2
172,190c0000f2040000cd080000c9000000c70800009f030000ae010000aa0200008c000000df00000098030000e900000076020000f5000000c40500008f0a0000,3290,0,5,0
173,67040000e90b00002f08000041090000c6010000d10a0000560700009104000040070000710400006e0000002c0200008909000049040000f803000097000000,2571,1,6,0
174,2d0400007f030000bd060000050700009b060000020b00004d0b00002d010000960c00005e0c0000100b0000e2020000ad080000d2050000ce0700007f000000,1254,0,0,0
175,27060000d000000052080000680b00002b0b0000450500005a0b0000120400005d050000f007000079030000c4080000080c000089090000af03000091010000,647,1,1,0
176,20050000710a000077020000b501000091080000090700006208000056040000aa0b0000db0c000007010000fe030000ed070000db010000380a000026010000,1154,1,7,-1
177,e1060000f3060000ec010000dc090000ec020000a301000066070000770200002a020000450a0000ea000000960b00004a0200005f0a0000410a0000780a0000,2212,0,4,0
178,a6020000b102000083040000ec010000f504000072040000e40500000b020000a5000000120100004206000058000000b7010000a9000000f30700009f010000,1471,1,1,2
179,7e0c0000110400008204000026000000c0030000e50a0000b80c0000cf0a00002f030000220900005501000097000000610a000037030000b8070000ec050000,17,1,0,-1
180,ac030000bd030000840c0000e70100009e0600002403000074030000ae08000079080000630000002f070000d90400009f0700002406000087040000f3070000,1453,1,0,-1
181,1d04000049070000920b00003f0900001d070000f30800003702000069070000400c0000840200005e0b0000720900004e0800009c0a00002f0300009c080000,2403,0,2,0
182,360300000a0900008c050000cd0100005806000053090000f9070000570a000004000000fb0500003104000045030000c70500002c050000ab060000aa000000,1912,1,6,1
183,df020000200b0000010300003b0b00000c030000da000000b2050000350000007c020000e6060000d2010000ba080000ca060000f6020000ca080000450c0000,2914,1,6,1
184,c80800008a010000ca090000bc030000ee060000bf0b0000cb090000e603000040090000dd040000270200008206000050040000eb04000078090000af080000,352,1,2,1
185,230c0000000000005c09000030030000ed080000a00c000008070000ca030000ca090000860c00004d0600001609000022090000bd040000ec070000ad080000,3002,0,6,0
186,370a000009020000d2000000b10a000068000000930a0000a5070000630200007006000044050000c0060000e9010000b4030000890600007200000035010000,1101,0,2,-1
187,a90c0000ea050000d50b0000c501000022000000f9010000760a00000701000094040000fe0a000000090000d9040000bd0800004b0b0000c300000012020000,577,1,1,0
188,d6020000910400005a090000570700004c0c0000720700002d000000cd060000f00800009b0b000008000000ec020000700b000072060000e3080000d4070000,1474,0,5,2
189,4e0a0000f3070000680200003b0400006e010000800200006e000000d8000000c801000075090000190a0000d905000069010000bd09000077000000030b0000,1015,1,4,-2
190,160c00000f06000095030000cb0b0000f60b0000d1070000970100006e0400009d0b00002c020000ae0c000014020000850a0000ba060000cd06000092030000,2131,0,7,1
191,420400003a0b0000da080000580500009b0000009f0800009c010000600700003c0400009a040000b3030000e9000000d4010000bd0900008a070000990c0000,2723,1,3,1
192,52010000d302000037090000390100004a0700000404000001070000390c0000c0010000300c000007010000c80b000080060000e20100002904000026060000,2479,0,0,0
193,bc0b00009504000074000000fc060000a708000074040000070400009c0700005c050000750500002c0b000052020000c20a0000ad0900000b090000dd080000,1991,1,2,1
194,4b080000f3010000020800009c0a00002101000068050000ed080000030600007b00000019050000110c0000330b0000b1070000aa0600003d0300007f090000,2385,1,1,1
195,07090000f10c0000e8000000e3090000690400007403000069050000f80c0000f10a000090010000e4070000a207000039030000520100003403000051040000,2393,1,7,1
196,fb050000cd06000007090000180a00007f050000240200005b020000790b0000bf040000820c0000300600009300000086080000400400007f00000061090000,2250,0,3,1
197,3e0c0000330c00001b06000002080000810a000073040000c80c0000b3050000b10400005008000026070000a307000000020000000d0000950600005b0c0000,2659,0,4,1
198,e0060000a60100006c040000fe090000690400001d040000d308000036090000c5030000ef08000090050000c00900008c060000a7060000c209000026080000,502,1,4,2
199,ba0300001d0200000d0300003c04000057020000de08000066000000c90800004d0200003504000017080000ee0400009202000087030000d6030000390a0000,2145,1,6,1
